"model","F_statistic","p_value"
"ols_base_lm",77.8546470801395,1.94691970297421e-82
"ols_sci_lm",25.2300287612393,1.19219115189166e-28
"ols_multiple_lm",8.87389275456864,1.82785161480563e-11
